"TWaQ","PWQ","ISO","TWeQ"
29.9833335876465,78,43.2489433288574,26.8833332061768
29.9833335876465,78,43.2489433288574,26.8833332061768
30.1166667938232,71,42.4841804504395,27
30.1166667938232,71,42.4841804504395,27
30.1166667938232,71,42.4841804504395,27
29.9833335876465,78,43.2489433288574,26.8833332061768
29.9833335876465,78,43.2489433288574,26.8833332061768
29.9833335876465,78,43.2489433288574,26.8833332061768
29.5833320617676,84,44.0476150512695,26.5
29.5833320617676,84,44.0476150512695,26.5
29.5833320617676,84,44.0476150512695,26.5
29.5833320617676,84,44.0476150512695,26.5
30.0499992370605,73,42.9547843933105,26.9500007629395
30.0499992370605,73,42.9547843933105,26.9500007629395
30.2333335876465,72,42.5955429077148,27.1833324432373
30.2333335876465,72,42.5955429077148,27.1833324432373
30.2333335876465,72,42.5955429077148,27.1833324432373
30.2333335876465,72,42.5955429077148,27.1833324432373
30.2333335876465,72,42.5955429077148,27.1833324432373
30.2333335876465,72,42.5955429077148,27.1833324432373
30.2333335876465,72,42.5955429077148,27.1833324432373
30.2333335876465,72,42.5955429077148,27.1833324432373
29.2000007629395,80,41.6405448913574,25.1833343505859
29.2000007629395,80,41.6405448913574,25.1833343505859
29.2000007629395,80,41.6405448913574,25.1833343505859
29.2000007629395,80,41.6405448913574,25.1833343505859
29.2000007629395,80,41.6405448913574,25.1833343505859
29.2000007629395,80,41.6405448913574,25.1833343505859
29.2000007629395,80,41.6405448913574,25.1833343505859
29.2000007629395,80,41.6405448913574,25.1833343505859
29.2000007629395,80,41.6405448913574,25.1833343505859
29.2000007629395,80,41.6405448913574,25.1833343505859
29.2000007629395,80,41.6405448913574,25.1833343505859
29.2000007629395,80,41.6405448913574,25.1833343505859
29.2000007629395,80,41.6405448913574,25.1833343505859
29.25,84,41.8756523132324,26
29.25,84,41.8756523132324,26
29.25,84,41.8756523132324,26
29.25,84,41.8756523132324,26
29.25,84,41.8756523132324,26
29.25,84,41.8756523132324,26
29.25,84,41.8756523132324,26
29.25,84,41.8756523132324,26
29.2000007629395,80,41.6405448913574,25.1833343505859
29.2000007629395,80,41.6405448913574,25.1833343505859
29.6166648864746,55,43.4372062683105,26.1166667938232
29.6166648864746,55,43.4372062683105,26.1166667938232
29.6166648864746,55,43.4372062683105,26.1166667938232
29.6166648864746,55,43.4372062683105,26.1166667938232
29.6166648864746,55,43.4372062683105,26.1166667938232
29.6166648864746,55,43.4372062683105,26.1166667938232
29.6166648864746,55,43.4372062683105,26.1166667938232
29.6166648864746,55,43.4372062683105,26.1166667938232
29.6166648864746,55,43.4372062683105,26.1166667938232
29.6166648864746,55,43.4372062683105,26.1166667938232
29.6166648864746,55,43.4372062683105,26.1166667938232
29.6166648864746,55,43.4372062683105,26.1166667938232
29.6166648864746,55,43.4372062683105,26.1166667938232
29.6166648864746,55,43.4372062683105,26.1166667938232
29.6166648864746,55,43.4372062683105,26.1166667938232
29.6166648864746,55,43.4372062683105,26.1166667938232
29.6166648864746,55,43.4372062683105,26.1166667938232
28.5666675567627,72,40.718563079834,25.3166656494141
28.5666675567627,72,40.718563079834,25.3166656494141
28.6333332061768,72,40.7435111999512,25.3833332061768
28.6333332061768,72,40.7435111999512,25.3833332061768
28.6333332061768,72,40.7435111999512,25.3833332061768
28.5666675567627,72,40.718563079834,25.3166656494141
28.6333332061768,72,40.7435111999512,25.3833332061768
28.6333332061768,72,40.7435111999512,25.3833332061768
28.6333332061768,72,40.7435111999512,25.3833332061768
28.5666675567627,72,40.718563079834,25.3166656494141
28.6333332061768,72,40.7435111999512,25.3833332061768
28.6333332061768,72,40.7435111999512,25.3833332061768
28.6333332061768,72,40.7435111999512,25.3833332061768
28.6333332061768,72,40.7435111999512,25.3833332061768
28.6333332061768,72,40.7435111999512,25.3833332061768
28.6333332061768,72,40.7435111999512,25.3833332061768
28.5666675567627,72,40.718563079834,25.3166656494141
26.8500003814697,72,46.4566955566406,25.716667175293
26.8500003814697,72,46.4566955566406,25.716667175293
26.8500003814697,72,46.4566955566406,25.716667175293
27,71,46.0286445617676,25.8999996185303
27,71,46.0286445617676,25.8999996185303
27,71,46.0286445617676,25.8999996185303
27,71,46.0286445617676,25.8999996185303
27,71,46.0286445617676,25.8999996185303
27,71,46.0286445617676,25.8999996185303
26.9166660308838,71,46.1605567932129,25.783332824707
26.9166660308838,71,46.1605567932129,25.783332824707
26.9166660308838,71,46.1605567932129,25.783332824707
26.9166660308838,71,46.1605567932129,25.783332824707
26.9166660308838,71,46.1605567932129,25.783332824707
26.9166660308838,71,46.1605567932129,25.783332824707
26.9166660308838,71,46.1605567932129,25.783332824707
26.783332824707,74,46.4819679260254,25.6499996185303
26.783332824707,74,46.4819679260254,25.6499996185303
26.783332824707,74,46.4819679260254,25.6499996185303
26.783332824707,74,46.4819679260254,25.6499996185303
26.783332824707,74,46.4819679260254,25.6499996185303
26.783332824707,74,46.4819679260254,25.6499996185303
26.783332824707,74,46.4819679260254,25.6499996185303
26.783332824707,74,46.4819679260254,25.6499996185303
26.783332824707,74,46.4819679260254,25.6499996185303
26.783332824707,74,46.4819679260254,25.6499996185303
